{"cameraMode":{"drawMode":0,"name":"Shaded","section":"Shading Mode"},"sceneLighting":false,"audioPlay":false,"sceneViewState":{"showFog":true,"showMaterialUpdate":false,"showSkybox":false,"showFlares":true,"showImageEffects":true,"showParticleSystems":true},"in2DMode":false,"pivot":{"x":436.2496032714844,"y":259.72613525390627,"z":166.0},"rotation":{"x":-0.18345728516578675,"y":-0.001474853721447289,"z":0.0002752270956989378,"w":-0.9830265641212463},"size":87.43447875976563,"orthographic":false}